0;0.010000;0.000000;0.009556;0.002948;0.008262;0.005633;0.006235;0.007818;0.003653;0.009309;0.000747;0.009972;-0.002225;0.009749;-0.005000;0.008660;-0.007331;0.006802;-0.009010;0.004339;-0.009888;0.001490;-0.009888;-0.001490;-0.009010;-0.004339;-0.007331;-0.006802;-0.005000;-0.008660;-0.002225;-0.009749
300;-3.556967;0.502599;-0.637149;0.344510;-0.641401;0.116632;-0.547635;-0.125712;-0.360770;-0.329451;-0.132654;-0.450793;0.078928;-0.484881;0.251798;-0.451292;0.378390;-0.364691;0.458516;-0.235235;0.492234;-0.065095;0.466244;0.131904;0.365949;0.327707;0.207155;0.482326;0.031018;0.569318;-0.120028;0.594562
600;-7.123915;1.005196;-1.283666;0.685390;-1.290692;0.227255;-1.101298;-0.259047;-0.724892;-0.668014;-0.265711;-0.911320;0.159893;-0.979063;0.508178;-0.910815;0.763933;-0.735384;0.925651;-0.474538;0.993858;-0.131907;0.942103;0.264962;0.740561;0.659539;0.421428;0.971242;0.067508;1.146763;-0.237084;1.198495
900;-10.690858;1.507792;-1.930138;1.026108;-1.939891;0.337785;-1.654909;-0.392326;-1.088929;-1.006529;-0.398687;-1.371787;0.240811;-1.473144;0.764454;-1.370219;1.149415;-1.105877;1.392705;-0.713765;1.495359;-0.198863;1.417896;0.397936;1.115087;0.991329;0.635648;1.460106;0.104115;1.724076;-0.353957;1.802335
1200;-14.257799;2.010388;-2.576589;1.366704;-2.589054;0.448273;-2.208503;-0.525589;-1.452934;-1.345023;-0.531626;-1.832229;0.321708;-1.967162;1.020684;-1.829577;1.534878;-1.476283;1.859717;-0.952962;1.996806;-0.265843;1.893659;0.530874;1.489574;1.323095;0.849845;1.948947;0.140775;2.301330;-0.470747;2.406133
1500;-17.824739;2.512984;-3.223029;1.707256;-3.238195;0.558736;-2.762084;-0.658841;-1.816920;-1.683504;-0.664545;-2.292657;0.402593;-2.461153;1.276889;-2.288909;1.920331;-1.846640;2.326705;-1.192143;2.498222;-0.332837;2.369405;0.663792;1.864041;1.654849;1.064029;2.437775;0.177464;2.878552;-0.587493;3.009908
1800;-21.391678;3.015579;-3.869462;2.047783;-3.887323;0.669184;-3.315657;-0.792085;-2.180904;-2.021976;-0.797446;-2.753077;0.483470;-2.955126;1.533076;-2.748224;2.305778;-2.216966;2.793678;-1.431312;2.999619;-0.399840;2.845140;0.796696;2.238494;1.986594;1.278205;2.926595;0.214172;3.455753;-0.704209;3.613669
2100;-24.958617;3.518174;-4.515888;2.388291;-4.536440;0.779622;-3.869224;-0.925323;-2.544880;-2.360443;-0.930338;-3.213492;0.564342;-3.449087;1.789252;-3.207529;2.691220;-2.587270;3.260640;-1.670475;3.501003;-0.466850;3.320868;0.929591;2.612937;2.318334;1.492375;3.415410;0.250892;4.032939;-0.820904;4.217419
2400;-28.525555;4.020770;-5.162310;2.728786;-5.185550;0.890052;-4.422788;-1.058558;-2.908850;-2.698906;-1.063223;-3.673902;0.645210;-3.943039;2.045420;-3.666825;3.076658;-2.957558;3.727595;-1.909632;4.002377;-0.533864;3.796591;1.062480;2.987374;2.650069;1.706540;3.904220;0.287622;4.610115;-0.937585;4.821161
2700;-32.092493;4.523365;-5.808729;3.069272;-5.834654;1.000477;-4.976346;-1.191795;-3.272816;-3.037365;-1.196103;-4.134308;0.726075;-4.436984;2.301581;-4.126115;3.462094;-3.327834;4.194544;-2.148784;4.503744;-0.600881;4.272309;1.195363;3.361805;2.981802;1.920703;4.393027;0.324360;5.187282;-1.054255;5.424898
3000;-35.659430;5.025960;-6.455145;3.409749;-6.483754;1.110897;-5.529902;-1.325029;-3.636777;-3.375822;-1.328979;-4.594712;0.806938;-4.930924;2.557738;-4.585399;3.847528;-3.698100;4.661488;-2.387934;5.005104;-0.667901;4.748024;1.328242;3.736232;3.313531;2.134862;4.881831;0.361103;5.764443;-1.170916;6.028630
3300;-39.226368;5.528555;-7.101560;3.750224;-7.132851;1.221314;-6.083456;-1.458261;-4.000736;-3.714278;-1.461852;-5.055113;0.887798;-5.424859;2.813890;-5.044680;4.232959;-4.068358;5.128428;-2.627080;5.506460;-0.734923;5.223737;1.461118;4.110656;3.645259;2.349020;5.370633;0.397851;6.341599;-1.287569;6.632358
3600;-42.793305;6.031151;-7.747973;4.090693;-7.781945;1.331731;-6.637008;-1.591491;-4.364693;-4.052732;-1.594722;-5.515513;0.968658;-5.918791;3.070049;-5.503949;4.618389;-4.438631;5.595365;-2.866227;6.007812;-0.801947;5.699447;1.593992;4.485084;3.976970;2.563176;5.859433;0.434603;6.918750;-1.404216;7.236084
3900;-46.360242;6.533746;-8.394385;4.431158;-8.431036;1.442146;-7.190559;-1.724721;-4.728647;-4.391184;-1.727589;-5.975911;1.049515;-6.412719;3.326206;-5.963216;5.003818;-4.808898;6.062299;-3.105372;6.509160;-0.868973;6.175156;1.726863;4.859510;4.308680;2.777330;6.348232;0.471358;7.495897;-1.520858;7.839807
4200;-49.927179;7.036341;-9.040796;4.771619;-9.080125;1.552559;-7.744108;-1.857949;-5.092600;-4.729635;-1.860455;-6.436307;1.130372;-6.906645;3.582360;-6.422480;5.389245;-5.179161;6.529231;-3.344516;7.010506;-0.936000;6.650862;1.859732;5.233934;4.640389;2.991483;6.837030;0.508116;8.073041;-1.637496;8.443527
4500;-53.494116;7.538936;-9.687206;5.112076;-9.729213;1.662970;-8.297657;-1.991176;-5.456551;-5.068086;-1.993319;-6.896703;1.211228;-7.400569;3.838512;-6.881742;5.774672;-5.549419;6.996161;-3.583658;7.511849;-1.003028;7.126568;1.992600;5.608356;4.972097;3.205635;7.325826;0.544876;8.650183;-1.754131;9.047246
4800;-57.061053;8.041531;-10.333615;5.452531;-10.378298;1.773379;-8.851205;-2.124402;-5.820501;-5.406535;-2.126181;-7.357097;1.292083;-7.894491;4.094662;-7.341002;6.160098;-5.919674;7.463089;-3.822799;8.013189;-1.070057;7.602272;2.125466;5.982777;5.303804;3.419787;7.814622;0.581638;9.227322;-1.870762;9.650963
5100;-60.627990;8.544126;-10.980023;5.792983;-11.027383;1.883787;-9.404751;-2.257627;-6.184450;-5.744984;-2.259043;-7.817490;1.372937;-8.388411;4.350811;-7.800261;6.545523;-6.289926;7.930016;-4.061939;8.514528;-1.137086;8.077976;2.258331;6.357196;5.635510;3.633937;8.303416;0.618402;9.804459;-1.987390;10.254678
5400;-64.194927;9.046721;-11.626431;6.133433;-11.676466;1.994193;-9.958298;-2.390852;-6.548398;-6.083432;-2.391903;-8.277883;1.453790;-8.882330;4.606958;-8.259518;6.930948;-6.660176;8.396942;-4.301077;9.015866;-1.204117;8.553678;2.391195;6.731614;5.967216;3.848087;8.792210;0.655168;10.381595;-2.104015;10.858393
5700;-67.761863;9.549316;-12.272838;6.473882;-12.325549;2.104599;-10.511843;-2.524076;-6.912344;-6.421880;-2.524762;-8.738275;1.534643;-9.376247;4.863104;-8.718774;7.316373;-7.030422;8.863866;-4.540216;9.517201;-1.271148;9.029380;2.524058;7.106032;6.298920;4.062236;9.281004;0.691935;10.958729;-2.220639;11.462106
6000;-71.328800;10.051911;-12.919244;6.814328;-12.974630;2.215003;-11.065388;-2.657300;-7.276290;-6.760327;-2.657620;-9.198666;1.615495;-9.870163;5.119248;-9.178028;7.701797;-7.400667;9.330790;-4.779353;10.018536;-1.338180;9.505080;2.656919;7.480448;6.630625;4.276384;9.769797;0.728704;11.535861;-2.337260;12.065818
6300;-74.895736;10.554506;-13.565650;7.154773;-13.623710;2.325407;-11.618933;-2.790524;-7.640236;-7.098774;-2.790477;-9.659057;1.696347;-10.364078;5.375392;-9.637282;8.087220;-7.770910;9.797712;-5.018490;10.519869;-1.405213;9.980781;2.789780;7.854863;6.962328;4.490532;10.258589;0.765474;12.112992;-2.453880;12.669529
6600;-78.462673;11.057102;-14.212056;7.495216;-14.272790;2.435809;-12.172477;-2.923747;-8.004180;-7.437220;-2.923333;-10.119448;1.777198;-10.857992;5.631535;-10.096535;8.472643;-8.141143;10.264634;-5.257627;11.021201;-1.472246;10.456480;2.922641;8.229278;7.294032;4.704679;10.747381;0.802244;12.690122;-2.570498;13.273240
6900;-82.029609;11.559697;-14.858461;7.835658;-14.921869;2.546211;-12.726021;-3.056970;-8.368124;-7.775666;-3.056189;-10.579837;1.858049;-11.351905;5.887677;-10.555787;8.858066;-8.511374;10.731555;-5.496763;11.522532;-1.539279;10.932179;3.055501;8.603692;7.625734;4.918826;11.236172;0.839016;13.267251;-2.687114;13.876949
7200;-85.596546;12.062292;-15.504866;8.176099;-15.570947;2.656613;-13.279564;-3.190192;-8.732067;-8.114111;-3.189044;-11.040227;1.938899;-11.845817;6.143818;-11.015037;9.243488;-8.881604;11.198475;-5.735898;12.023863;-1.606313;11.407878;3.188360;8.978105;7.957437;5.132973;11.724964;0.875789;13.844378;-2.803729;14.480658
7500;-89.163482;12.564887;-16.151270;8.516539;-16.220025;2.767013;-13.833107;-3.323414;-9.096010;-8.452556;-3.321899;-11.500616;2.019749;-12.339729;6.399959;-11.474288;9.628911;-9.251832;11.665395;-5.975034;12.525192;-1.673348;11.883576;3.321219;9.352517;8.289139;5.347119;12.213754;0.912562;14.421505;-2.920343;15.084366
7800;-92.730419;13.067482;-16.797675;8.856977;-16.869102;2.877413;-14.386649;-3.456636;-9.459953;-8.791001;-3.454753;-11.961004;2.100598;-12.833640;6.656099;-11.933537;10.014332;-9.622059;12.132313;-6.214168;13.026520;-1.740382;12.359274;3.454078;9.726929;8.620841;5.561265;12.702545;0.949336;14.998631;-3.036956;15.688074
8100;-96.297355;13.570077;-17.444079;9.197415;-17.518178;2.987813;-14.940192;-3.589857;-9.823895;-9.129446;-3.587607;-12.421393;2.181448;-13.327550;6.912238;-12.392786;10.399754;-9.992285;12.599232;-6.453303;13.527848;-1.807417;12.834971;3.586935;10.101341;8.952542;5.775411;13.191335;0.986111;15.575756;-3.153567;16.291781
8400;-99.864291;14.072672;-18.090483;9.537852;-18.167254;3.098212;-15.493734;-3.723078;-10.187836;-9.467890;-3.720460;-12.881781;2.262296;-13.821460;7.168377;-12.852034;10.785176;-10.362509;13.066150;-6.692436;14.029176;-1.874452;13.310668;3.719793;10.475752;9.284243;5.989556;13.680125;1.022886;16.152881;-3.270178;16.895488
8700;-103.431227;14.575267;-18.736886;9.878288;-18.816330;3.208611;-16.047275;-3.856299;-10.551777;-9.806334;-3.853313;-13.342168;2.343145;-14.315369;7.424515;-13.311282;11.170597;-10.732733;13.533067;-6.931570;14.530502;-1.941488;13.786364;3.852650;10.850163;9.615944;6.203701;14.168914;1.059662;16.730005;-3.386788;17.499194
9000;-106.998164;15.077862;-19.383289;10.218722;-19.465405;3.319009;-16.600817;-3.989519;-10.915718;-10.144778;-3.986165;-13.802556;2.423994;-14.809277;7.680653;-13.770530;11.556018;-11.102954;13.999984;-7.170703;15.031828;-2.008524;14.262060;3.985506;11.224573;9.947645;6.417846;14.657703;1.096439;17.307128;-3.503396;18.102900
9300;-110.565100;15.580457;-20.029692;10.559155;-20.114480;3.429407;-17.154358;-4.122740;-11.279659;-10.483221;-4.119017;-14.262943;2.504843;-15.303185;7.936790;-14.229777;11.941438;-11.473174;14.466901;-7.409836;15.533154;-2.075560;14.737756;4.118363;11.598983;10.279345;6.631990;15.146493;1.133216;17.884251;-3.620004;18.706605
9600;-114.132036;16.083052;-20.676095;10.899588;-20.763554;3.539804;-17.707899;-4.255960;-11.643599;-10.821664;-4.251869;-14.723330;2.585691;-15.797093;8.192927;-14.689023;12.326859;-11.843394;14.933817;-7.648969;16.034479;-2.142596;15.213452;4.251219;11.973393;10.611045;6.846135;15.635281;1.169994;18.461373;-3.736612;19.310310
9900;-117.698972;16.585647;-21.322498;11.240020;-21.412628;3.650201;-18.261440;-4.389180;-12.007539;-11.160107;-4.384721;-15.183717;2.666539;-16.291000;8.449064;-15.148269;12.712279;-12.213613;15.400732;-7.888102;16.535803;-2.209633;15.689147;4.384074;12.347802;10.942745;7.060279;16.124070;1.206772;19.038495;-3.853218;19.914015
10200;-121.265909;17.088242;-21.968901;11.580452;-22.061702;3.760598;-18.814981;-4.522400;-12.371478;-11.498550;-4.517572;-15.644103;2.747387;-16.784907;8.705200;-15.607515;13.097699;-12.583831;15.867648;-8.127235;17.037127;-2.276669;16.164843;4.516929;12.722211;11.274444;7.274423;16.612859;1.243550;19.615616;-3.969824;20.517719
10500;-124.832845;17.590837;-22.615303;11.920883;-22.710776;3.870995;-19.368521;-4.655619;-12.735418;-11.836992;-4.650423;-16.104489;2.828234;-17.278813;8.961335;-16.066760;13.483119;-12.954048;16.334563;-8.366368;17.538451;-2.343706;16.640538;4.649784;13.096620;11.606144;7.488566;17.101647;1.280329;20.192737;-4.086429;21.121423
10800;-128.399781;18.093432;-23.261705;12.261313;-23.359849;3.981391;-19.922062;-4.788839;-13.099357;-12.175435;-4.783273;-16.564875;2.909082;-17.772719;9.217471;-16.526005;13.868538;-13.324265;16.801478;-8.605501;18.039774;-2.410743;17.116232;4.782639;13.471028;11.937843;7.702710;17.590435;1.317109;20.769857;-4.203034;21.725126
11100;-131.966717;18.596027;-23.908107;12.601742;-24.008922;4.091787;-20.475602;-4.922058;-13.463296;-12.513877;-4.916124;-17.025261;2.989929;-18.266624;9.473606;-16.985250;14.253958;-13.694481;17.268392;-8.844633;18.541097;-2.477780;17.591927;4.915493;13.845436;12.269542;7.916853;18.079223;1.353888;21.346977;-4.319638;22.328830
11400;-135.533653;19.098622;-24.554509;12.942171;-24.657995;4.202183;-21.029142;-5.055278;-13.827235;-12.852319;-5.048974;-17.485647;3.070777;-18.760529;9.729741;-17.444494;14.639377;-14.064696;17.735307;-9.083765;19.042419;-2.544818;18.067621;5.048348;14.219844;12.601241;8.130997;18.568011;1.390668;21.924097;-4.436241;22.932533
11700;-139.100589;19.601217;-25.200911;13.282599;-25.307067;4.312578;-21.582682;-5.188497;-14.191173;-13.190761;-5.181824;-17.946033;3.151624;-19.254434;9.985876;-17.903738;15.024797;-14.434911;18.202221;-9.322897;19.543741;-2.611855;18.543315;5.181202;14.594252;12.932940;8.345140;19.056799;1.427449;22.501216;-4.552844;23.536235
12000;-142.667525;20.103812;-25.847313;13.623027;-25.956139;4.422974;-22.136222;-5.321716;-14.555112;-13.529203;-5.314673;-18.406418;3.232471;-19.748338;10.242010;-18.362982;15.410216;-14.805126;18.669134;-9.562029;20.045063;-2.678893;19.019009;5.314056;14.968659;13.264639;8.559283;19.545586;1.464229;23.078335;-4.669447;24.139938
12300;-146.234461;20.606407;-26.493714;13.963455;-26.605211;4.533369;-22.689761;-5.454935;-14.919050;-13.867644;-5.447523;-18.866804;3.313318;-20.242243;10.498144;-18.822226;15.795635;-15.175340;19.136048;-9.801160;20.546384;-2.745931;19.494703;5.446909;15.343066;13.596337;8.773426;20.034374;1.501010;23.655453;-4.786049;24.743640
12600;-149.801397;21.109002;-27.140116;14.303881;-27.254283;4.643763;-23.243301;-5.588154;-15.282988;-14.206086;-5.580372;-19.327189;3.394165;-20.736147;10.754278;-19.281469;16.181054;-15.545553;19.602961;-10.040292;21.047705;-2.812970;19.970397;5.579763;15.717473;13.928036;8.987569;20.523161;1.537792;24.232572;-4.902651;25.347342
12900;-153.368333;21.611597;-27.786517;14.644308;-27.903355;4.754158;-23.796840;-5.721372;-15.646926;-14.544527;-5.713221;-19.787574;3.475012;-21.230050;11.010411;-19.740712;16.566473;-15.915766;20.069874;-10.279423;21.549026;-2.880009;20.446090;5.712616;16.091880;14.259734;9.201711;21.011948;1.574573;24.809689;-5.019252;25.951044
13200;-156.935269;22.114192;-28.432918;14.984734;-28.552426;4.864552;-24.350379;-5.854591;-16.010863;-14.882968;-5.846070;-20.247959;3.555858;-21.723954;11.266545;-20.199955;16.951891;-16.285979;20.536787;-10.518555;22.050346;-2.947048;20.921783;5.845469;16.466287;14.591432;9.415854;21.500735;1.611355;25.386807;-5.135853;26.554746
13500;-160.502206;22.616787;-29.079319;15.325160;-29.201497;4.974947;-24.903919;-5.987809;-16.374801;-15.221410;-5.978919;-20.708344;3.636705;-22.217857;11.522679;-20.659197;17.337310;-16.656192;21.003700;-10.757686;22.551666;-3.014088;21.397477;5.978322;16.840693;14.923129;9.629996;21.989522;1.648137;25.963924;-5.252453;27.158447
13800;-164.069142;23.119382;-29.725720;15.665584;-29.850568;5.085341;-25.457458;-6.121028;-16.738738;-15.559851;-6.111767;-21.168728;3.717552;-22.711760;11.778812;-21.118440;17.722728;-17.026404;21.470613;-10.996817;23.052986;-3.081127;21.873170;6.111175;17.215099;15.254827;9.844138;22.478309;1.684919;26.541041;-5.369053;27.762148
14100;-167.636078;23.621977;-30.372121;16.006009;-30.499639;5.195735;-26.010997;-6.254246;-17.102675;-15.898292;-6.244616;-21.629113;3.798398;-23.205663;12.034945;-21.577682;18.108146;-17.396615;21.937525;-11.235948;23.554306;-3.148166;22.348863;6.244028;17.589506;15.586524;10.058281;22.967096;1.721701;27.118158;-5.485653;28.365849
14400;-171.203014;24.124572;-31.018522;16.346432;-31.148710;5.306128;-26.564536;-6.387464;-17.466612;-16.236733;-6.377464;-22.089498;3.879244;-23.699565;12.291078;-22.036924;18.493564;-17.766826;22.404437;-11.475078;24.055625;-3.215206;22.824555;6.376880;17.963912;15.918222;10.272423;23.455883;1.758484;27.695274;-5.602252;28.969550
14700;-174.769950;24.627167;-31.664923;16.686855;-31.797781;5.416522;-27.118075;-6.520682;-17.830549;-16.575174;-6.510312;-22.549882;3.960091;-24.193468;12.547211;-22.496165;18.878982;-18.137036;22.871349;-11.714209;24.556945;-3.282245;23.300248;6.509733;18.338318;16.249919;10.486565;23.944670;1.795267;28.272391;-5.718851;29.573251
15000;-178.336886;25.129762;-32.311323;17.027278;-32.446851;5.526916;-27.671613;-6.653900;-18.194486;-16.913614;-6.643160;-23.010267;4.040937;-24.687370;12.803344;-22.955407;19.264400;-18.507246;23.338261;-11.953340;25.058264;-3.349285;23.775941;6.642585;18.712723;16.581616;10.700707;24.433456;1.832050;28.849507;-5.835450;30.176952
15300;-181.903822;25.632356;-32.957724;17.367700;-33.095921;5.637309;-28.225152;-6.787118;-18.558423;-17.252055;-6.776008;-23.470651;4.121783;-25.181272;13.059476;-23.414648;19.649818;-18.877456;23.805173;-12.192470;25.559582;-3.416325;24.251633;6.775437;19.087129;16.913314;10.914848;24.922243;1.868833;29.426623;-5.952048;30.780652
15600;-185.470757;26.134951;-33.604124;17.708121;-33.744991;5.747702;-28.778691;-6.920336;-18.922359;-17.590496;-6.908856;-23.931035;4.202630;-25.675174;13.315609;-23.873889;20.035236;-19.247664;24.272085;-12.431601;26.060901;-3.483365;24.727325;6.908289;19.461535;17.245011;11.128990;25.411029;1.905617;30.003738;-6.068647;31.384352
15900;-189.037693;26.637546;-34.250525;18.048543;-34.394061;5.858096;-29.332229;-7.053554;-19.286296;-17.928936;-7.041703;-24.391419;4.283476;-26.169075;13.571741;-24.333130;20.420653;-19.617873;24.738996;-12.670731;26.562220;-3.550405;25.203018;7.041141;19.835940;17.576708;11.343132;25.899815;1.942400;30.580854;-6.185244;31.988052
16200;-192.604629;27.140141;-34.896925;18.388964;-35.043131;5.968489;-29.885768;-7.186772;-19.650232;-18.267377;-7.174551;-24.851803;4.364323;-26.662977;13.827873;-24.792371;20.806071;-19.988081;25.205908;-12.909861;27.063538;-3.617445;25.678710;7.173993;20.210345;17.908405;11.557273;26.388602;1.979184;31.157969;-6.301842;32.591752
16500;-196.171565;27.642736;-35.543326;18.729385;-35.692201;6.078882;-30.439306;-7.319989;-20.014169;-18.605817;-7.307398;-25.312187;4.445169;-27.156878;14.084005;-25.251612;21.191489;-20.358288;25.672819;-13.148991;27.564856;-3.684485;26.154402;7.306845;20.584750;18.240101;11.771415;26.877388;2.015967;31.735084;-6.418440;33.195452
16800;-199.738501;28.145331;-36.189726;19.069805;-36.341271;6.189275;-30.992844;-7.453207;-20.378105;-18.944258;-7.440246;-25.772571;4.526015;-27.650779;14.340137;-25.710852;21.576906;-20.728496;26.139730;-13.388121;28.066174;-3.751526;26.630094;7.439696;20.959155;18.571798;11.985556;27.366174;2.052751;32.312199;-6.535037;33.799152
17100;-203.305437;28.647926;-36.836126;19.410226;-36.990340;6.299668;-31.546383;-7.586425;-20.742041;-19.282698;-7.573093;-26.232955;4.606861;-28.144680;14.596269;-26.170093;21.962324;-21.098702;26.606641;-13.627251;28.567492;-3.818566;27.105786;7.572548;21.333559;18.903495;12.199698;27.854960;2.089536;32.889314;-6.651634;34.402852
17400;-206.872373;29.150521;-37.482526;19.750646;-37.639410;6.410061;-32.099921;-7.719642;-21.105977;-19.621138;-7.705940;-26.693338;4.687708;-28.638581;14.852400;-26.629333;22.347741;-21.468908;27.073552;-13.866382;29.068809;-3.885606;27.581477;7.705399;21.707964;19.235192;12.413839;28.343746;2.126320;33.466429;-6.768230;35.006551
17700;-210.439309;29.653116;-38.128926;20.091066;-38.288479;6.520454;-32.653459;-7.852860;-21.469913;-19.959578;-7.838787;-27.153722;4.768554;-29.132482;15.108532;-27.088573;22.733158;-21.839113;27.540463;-14.105511;29.570127;-3.952647;28.057169;7.838251;22.082368;19.566888;12.627980;28.832532;2.163104;34.043543;-6.884827;35.610250
18000;-214.006245;30.155711;-38.775326;20.431486;-38.937549;6.630847;-33.206997;-7.986077;-21.833849;-20.298018;-7.971634;-27.614106;4.849400;-29.626383;15.364663;-27.547813;23.118576;-22.209319;28.007373;-14.344641;30.071444;-4.019687;28.532861;7.971102;22.456773;19.898585;12.842122;29.321318;2.199888;34.620657;-7.001423;36.213950
18300;-217.573181;30.658306;-39.421726;20.771906;-39.586618;6.741240;-33.760535;-8.119295;-22.197785;-20.636458;-8.104480;-28.074489;4.930246;-30.120283;15.620794;-28.007053;23.503993;-22.579524;28.474284;-14.583771;30.572761;-4.086728;29.008552;8.103953;22.831177;20.230281;13.056263;29.810104;2.236673;35.197771;-7.118019;36.817649
18600;-221.140117;31.160901;-40.068126;21.112325;-40.235687;6.851632;-34.314073;-8.252512;-22.561720;-20.974898;-8.237327;-28.534873;5.011091;-30.614184;15.876926;-28.466293;23.889410;-22.949729;28.941195;-14.822901;31.074078;-4.153768;29.484244;8.236804;23.205581;20.561977;13.270404;30.298890;2.273458;35.774885;-7.234615;37.421348
18900;-224.707053;31.663496;-40.714526;21.452744;-40.884756;6.962025;-34.867611;-8.385729;-22.925656;-21.313338;-8.370174;-28.995256;5.091937;-31.108084;16.133057;-28.925533;24.274828;-23.319934;29.408105;-15.062031;31.575395;-4.220809;29.959935;8.369655;23.579986;20.893673;13.484545;30.787675;2.310243;36.351999;-7.351211;38.025047
19200;-228.273989;32.166091;-41.360926;21.793164;-41.533825;7.072417;-35.421148;-8.518947;-23.289591;-21.651778;-8.503020;-29.455640;5.172783;-31.601984;16.389188;-29.384772;24.660245;-23.690138;29.875015;-15.301161;32.076712;-4.287849;30.435626;8.502506;23.954390;21.225369;13.698686;31.276461;2.347027;36.929113;-7.467806;38.628746
19500;-231.840925;32.668686;-42.007325;22.133583;-42.182893;7.182810;-35.974686;-8.652164;-23.653527;-21.990217;-8.635867;-29.916023;5.253629;-32.095884;16.645318;-29.844012;25.045662;-24.060343;30.341925;-15.540291;32.578029;-4.354890;30.911318;8.635357;24.328794;21.557065;13.912827;31.765247;2.383813;37.506227;-7.584402;39.232445
19800;-235.407861;33.171281;-42.653725;22.474002;-42.831962;7.293202;-36.528224;-8.785381;-24.017462;-22.328657;-8.768713;-30.376406;5.334474;-32.589784;16.901449;-30.303251;25.431079;-24.430547;30.808835;-15.779420;33.079345;-4.421931;31.387009;8.768208;24.703198;21.888760;14.126968;32.254032;2.420598;38.083340;-7.700997;39.836143
20100;-238.974796;33.673876;-43.300125;22.814420;-43.481031;7.403595;-37.081762;-8.918598;-24.381398;-22.667097;-8.901560;-30.836789;5.415320;-33.083684;17.157580;-30.762490;25.816496;-24.800751;31.275745;-16.018550;33.580662;-4.488972;31.862700;8.901058;25.077601;22.220456;14.341109;32.742818;2.457383;38.660454;-7.817592;40.439842
20400;-242.541732;34.176471;-43.946524;23.154839;-44.130099;7.513987;-37.635299;-9.051816;-24.745333;-23.005536;-9.034406;-31.297172;5.496166;-33.577583;17.413710;-31.221730;26.201914;-25.170955;31.742655;-16.257680;34.081978;-4.556013;32.338391;9.033909;25.452005;22.552152;14.555250;33.231603;2.494168;39.237567;-7.934187;41.043540
20700;-246.108668;34.679066;-44.592924;23.495257;-44.779168;7.624379;-38.188837;-9.185033;-25.109268;-23.343976;-9.167252;-31.757555;5.577011;-34.071483;17.669841;-31.680969;26.587331;-25.541158;32.209565;-16.496809;34.583294;-4.623054;32.814082;9.166759;25.826409;22.883848;14.769391;33.720389;2.530954;39.814680;-8.050781;41.647239
21000;-249.675604;35.181661;-45.239323;23.835675;-45.428236;7.734771;-38.742375;-9.318250;-25.473203;-23.682415;-9.300099;-32.217938;5.657857;-34.565383;17.925971;-32.140208;26.972748;-25.911362;32.676475;-16.735939;35.084611;-4.690096;33.289773;9.299610;26.200813;23.215543;14.983532;34.209174;2.567739;40.391793;-8.167376;42.250937
21300;-253.242540;35.684256;-45.885723;24.176094;-46.077305;7.845164;-39.295912;-9.451467;-25.837138;-24.020855;-9.432945;-32.678321;5.738702;-35.059282;18.182101;-32.599447;27.358165;-26.281565;33.143385;-16.975069;35.585927;-4.757137;33.765464;9.432460;26.575216;23.547239;15.197673;34.697960;2.604525;40.968905;-8.283970;42.854636
21600;-256.809476;36.186851;-46.532122;24.516512;-46.726373;7.955556;-39.849450;-9.584684;-26.201073;-24.359294;-9.565791;-33.138704;5.819548;-35.553181;18.438232;-33.058686;27.743582;-26.651769;33.610294;-17.214198;36.087242;-4.824178;34.241155;9.565311;26.949620;23.878935;15.411813;35.186745;2.641311;41.546018;-8.400565;43.458334
21900;-260.376412;36.689446;-47.178522;24.856929;-47.375441;8.065948;-40.402987;-9.717901;-26.565008;-24.697734;-9.698637;-33.599087;5.900393;-36.047081;18.694362;-33.517924;28.129000;-27.021972;34.077204;-17.453327;36.588558;-4.891220;34.716846;9.698161;27.324023;24.210630;15.625954;35.675530;2.678097;42.123131;-8.517159;44.062032
22200;-263.943348;37.192041;-47.824921;25.197347;-48.024509;8.176340;-40.956524;-9.851118;-26.928943;-25.036173;-9.831483;-34.059470;5.981239;-36.540980;18.950492;-33.977163;28.514417;-27.392175;34.544113;-17.692457;37.089874;-4.958262;35.192537;9.831011;27.698426;24.542326;15.840095;36.164315;2.714883;42.700243;-8.633753;44.665730
22500;-267.510283;37.694636;-48.471320;25.537765;-48.673577;8.286731;-41.510062;-9.984335;-27.292878;-25.374612;-9.964329;-34.519853;6.062084;-37.034879;19.206622;-34.436402;28.899834;-27.762377;35.011023;-17.931586;37.591190;-5.025303;35.668227;9.963861;28.072830;24.874021;16.054235;36.653101;2.751669;43.277356;-8.750347;45.269428
22800;-271.077219;38.197231;-49.117720;25.878182;-49.322645;8.397123;-42.063599;-10.117552;-27.656813;-25.713052;-10.097175;-34.980236;6.142929;-37.528778;19.462752;-34.895640;29.285251;-28.132580;35.477932;-18.170715;38.092505;-5.092345;36.143918;10.096711;28.447233;25.205717;16.268376;37.141886;2.788455;43.854468;-8.866940;45.873126
23100;-274.644155;38.699825;-49.764119;26.218600;-49.971713;8.507515;-42.617136;-10.250768;-28.020748;-26.051491;-10.230021;-35.440619;6.223775;-38.022677;19.718882;-35.354879;29.670667;-28.502782;35.944841;-18.409845;38.593820;-5.159387;36.619609;10.229562;28.821636;25.537412;16.482516;37.630671;2.825241;44.431580;-8.983534;46.476824
23400;-278.211091;39.202420;-50.410518;26.559016;-50.620781;8.617907;-43.170674;-10.383985;-28.384682;-26.389930;-10.362866;-35.901001;6.304620;-38.516576;19.975011;-35.814117;30.056084;-28.872984;36.411750;-18.648974;39.095136;-5.226429;37.095299;10.362412;29.196039;25.869108;16.696657;38.119456;2.862027;45.008693;-9.100127;47.080522
23700;-281.778027;39.705015;-51.056917;26.899433;-51.269849;8.728298;-43.724211;-10.517202;-28.748617;-26.728369;-10.495712;-36.361384;6.385465;-39.010474;20.231141;-36.273356;30.441501;-29.243187;36.878659;-18.888103;39.596451;-5.293471;37.570990;10.495261;29.570442;26.200803;16.910797;38.608241;2.898813;45.585805;-9.216721;47.684219
24000;-285.344963;40.207610;-51.703316;27.239850;-51.918917;8.838690;-44.277748;-10.650419;-29.112552;-27.066808;-10.628558;-36.821767;6.466310;-39.504373;20.487271;-36.732594;30.826918;-29.613388;37.345569;-19.127232;40.097766;-5.360513;38.046680;10.628111;29.944845;26.532498;17.124938;39.097026;2.935599;46.162917;-9.333314;48.287917
24300;-288.911898;40.710205;-52.349716;27.580266;-52.567985;8.949081;-44.831285;-10.783636;-29.476486;-27.405247;-10.761403;-37.282149;6.547156;-39.998272;20.743400;-37.191832;31.212335;-29.983590;37.812478;-19.366361;40.599081;-5.427555;38.522371;10.760961;30.319248;26.864194;17.339078;39.585811;2.972386;46.740029;-9.449907;48.891615
24600;-292.478834;41.212800;-52.996115;27.920682;-53.217052;9.059473;-45.384822;-10.916852;-29.840421;-27.743686;-10.894249;-37.742532;6.628001;-40.492170;20.999530;-37.651070;31.597752;-30.353792;38.279387;-19.605490;41.100396;-5.494597;38.998061;10.893811;30.693651;27.195889;17.553219;40.074596;3.009172;47.317141;-9.566500;49.495312
24900;-296.045770;41.715395;-53.642514;28.261098;-53.866120;9.169864;-45.938360;-11.050069;-30.204355;-28.082125;-11.027095;-38.202914;6.708846;-40.986069;21.255660;-38.110308;31.983168;-30.723993;38.746295;-19.844619;41.601711;-5.561639;39.473752;11.026660;31.068054;27.527584;17.767359;40.563381;3.045959;47.894253;-9.683093;50.099010
25200;-299.612706;42.217990;-54.288913;28.601514;-54.515188;9.280256;-46.491897;-11.183286;-30.568290;-28.420564;-11.159940;-38.663297;6.789691;-41.479967;21.511789;-38.569546;32.368585;-31.094195;39.213204;-20.083748;42.103026;-5.628681;39.949442;11.159510;31.442457;27.859279;17.981499;41.052166;3.082745;48.471365;-9.799685;50.702707
25500;-303.179642;42.720585;-54.935312;28.941930;-55.164255;9.390647;-47.045434;-11.316503;-30.932224;-28.759003;-11.292786;-39.123679;6.870537;-41.973865;21.767918;-39.028784;32.754002;-31.464396;39.680113;-20.322877;42.604341;-5.695724;40.425132;11.292360;31.816860;28.190974;18.195640;41.540951;3.119532;49.048476;-9.916278;51.306405
25800;-306.746578;43.223180;-55.581711;29.282346;-55.813323;9.501038;-47.598971;-11.449719;-31.296159;-29.097442;-11.425631;-39.584062;6.951382;-42.467763;22.024048;-39.488022;33.139418;-31.834597;40.147022;-20.562006;43.105656;-5.762766;40.900823;11.425209;32.191263;28.522669;18.409780;42.029736;3.156319;49.625588;-10.032870;51.910102
26100;-310.313513;43.725775;-56.228110;29.622762;-56.462390;9.611430;-48.152508;-11.582936;-31.660093;-29.435881;-11.558477;-40.044444;7.032227;-42.961662;22.280177;-39.947260;33.524835;-32.204798;40.613931;-20.801134;43.606970;-5.829808;41.376513;11.558059;32.565666;28.854364;18.623920;42.518521;3.193105;50.202700;-10.149463;52.513799
26400;-313.880449;44.228370;-56.874509;29.963177;-57.111458;9.721821;-48.706045;-11.716153;-32.024027;-29.774319;-11.691322;-40.504826;7.113072;-43.455560;22.536306;-40.406498;33.910252;-32.574999;41.080839;-21.040263;44.108285;-5.896851;41.852203;11.690908;32.940069;29.186059;18.838060;43.007306;3.229892;50.779811;-10.266055;53.117497
26700;-317.447385;44.730965;-57.520908;30.303593;-57.760525;9.832212;-49.259582;-11.849369;-32.387961;-30.112758;-11.824167;-40.965209;7.193917;-43.949458;22.792435;-40.865735;34.295668;-32.945200;41.547748;-21.279392;44.609599;-5.963893;42.327893;11.823758;33.314471;29.517754;19.052201;43.496090;3.266679;51.356923;-10.382647;53.721194
27000;-321.014321;45.233560;-58.167306;30.644008;-58.409592;9.942603;-49.813119;-11.982586;-32.751896;-30.451197;-11.957013;-41.425591;7.274762;-44.443356;23.048564;-41.324973;34.681085;-33.315401;42.014656;-21.518521;45.110914;-6.030935;42.803584;11.956607;33.688874;29.849448;19.266341;43.984875;3.303466;51.934034;-10.499239;54.324891
27300;-324.581257;45.736155;-58.813705;30.984423;-59.058660;10.052995;-50.366655;-12.115803;-33.115830;-30.789636;-12.089858;-41.885973;7.355607;-44.937254;23.304693;-41.784210;35.066501;-33.685601;42.481565;-21.757649;45.612228;-6.097978;43.279274;12.089456;34.063277;30.181143;19.480481;44.473660;3.340253;52.511145;-10.615831;54.928588
27600;-328.148193;46.238750;-59.460104;31.324839;-59.707727;10.163386;-50.920192;-12.249019;-33.479764;-31.128074;-12.222703;-42.346356;7.436452;-45.431152;23.560822;-42.243448;35.451918;-34.055802;42.948473;-21.996778;46.113543;-6.165020;43.754964;12.222306;34.437679;30.512838;19.694621;44.962445;3.377040;53.088257;-10.732423;55.532285
27900;-331.715128;46.741345;-60.106503;31.665254;-60.356794;10.273777;-51.473729;-12.382236;-33.843698;-31.466513;-12.355548;-42.806738;7.517297;-45.925049;23.816951;-42.702685;35.837334;-34.426002;43.415382;-22.235907;46.614857;-6.232063;44.230654;12.355155;34.812082;30.844532;19.908761;45.451229;3.413827;53.665368;-10.849015;56.135982
28200;-335.282064;47.243940;-60.752902;32.005669;-61.005861;10.384168;-52.027266;-12.515452;-34.207632;-31.804952;-12.488393;-43.267120;7.598142;-46.418947;24.073080;-43.161923;36.222751;-34.796202;43.882290;-22.475035;47.116171;-6.299105;44.706344;12.488004;35.186484;31.176227;20.122901;45.940014;3.450614;54.242479;-10.965607;56.739679
28500;-338.849000;47.746535;-61.399301;32.346084;-61.654928;10.494559;-52.580803;-12.648669;-34.571566;-32.143390;-12.621238;-43.727502;7.678987;-46.912845;24.329209;-43.621160;36.608167;-35.166403;44.349199;-22.714164;47.617486;-6.366148;45.182034;12.620853;35.560887;31.507921;20.337041;46.428799;3.487402;54.819590;-11.082199;57.343376
28800;-342.415936;48.249129;-62.045699;32.686499;-62.303995;10.604950;-53.134340;-12.781885;-34.935500;-32.481829;-12.754084;-44.187884;7.759832;-47.406743;24.585338;-44.080398;36.993584;-35.536603;44.816107;-22.953292;48.118800;-6.433190;45.657724;12.753703;35.935289;31.839616;20.551181;46.917583;3.524189;55.396701;-11.198790;57.947073
29100;-345.982872;48.751724;-62.692098;33.026914;-62.953062;10.715341;-53.687876;-12.915102;-35.299434;-32.820268;-12.886929;-44.648267;7.840677;-47.900640;24.841467;-44.539635;37.379000;-35.906803;45.283015;-23.192421;48.620114;-6.500233;46.133414;12.886552;36.309692;32.171310;20.765321;47.406368;3.560976;55.973812;-11.315382;58.550770
29400;-349.549807;49.254319;-63.338497;33.367328;-63.602129;10.825732;-54.241413;-13.048318;-35.663368;-33.158706;-13.019774;-45.108649;7.921522;-48.394538;25.097595;-44.998872;37.764417;-36.277003;45.749923;-23.431549;49.121428;-6.567276;46.609104;13.019401;36.684094;32.503005;20.979461;47.895153;3.597763;56.550923;-11.431973;59.154466
29700;-353.116743;49.756914;-63.984895;33.707743;-64.251196;10.936122;-54.794950;-13.181535;-36.027302;-33.497145;-13.152619;-45.569031;8.002367;-48.888436;25.353724;-45.458109;38.149833;-36.647203;46.216832;-23.670678;49.622742;-6.634318;47.084794;13.152250;37.058496;32.834699;21.193601;48.383937;3.634551;57.128034;-11.548565;59.758163
